{
  "display": {
    "background": "nirslands_minecraft_dlc_mod:textures/screens/starshardsblock.png",
    "icon": {
      "item": "nirslands_minecraft_dlc_mod:star_shards_block"
    },
    "title": {
      "translate": "advancements.additiones.title"
    },
    "description": {
      "translate": "advancements.additiones.descr"
    },
    "frame": "task",
    "show_toast": false,
    "announce_to_chat": false,
    "hidden": false
  },
  "criteria": {
    "additiones": {
      "trigger": "minecraft:impossible"
    }
  }
}