{
  "display": {
    "icon": {
      "item": "minecraft:emerald_block"
    },
    "title": {
      "translate": "advancements.big_money.title"
    },
    "description": {
      "translate": "advancements.big_money.descr"
    },
    "frame": "task",
    "show_toast": true,
    "announce_to_chat": true,
    "hidden": false
  },
  "criteria": {
    "big_money": {
      "trigger": "minecraft:inventory_changed",
      "conditions": {
        "items": [
          {
            "items": [
              "minecraft:emerald"
            ],
            "count": {
              "min": 64,
              "max": 64
            }
          }
        ]
      }
    }
  },
  "rewards": {
    "experience": 6
  },
  "parent": "nirslands_minecraft_dlc_mod:additiones"
}