{
  "display": {
    "icon": {
      "item": "minecraft:gold_block"
    },
    "title": {
      "translate": "advancements.creator.title"
    },
    "description": {
      "translate": "advancements.creator.descr"
    },
    "frame": "challenge",
    "show_toast": true,
    "announce_to_chat": true,
    "hidden": false
  },
  "criteria": {
    "creator": {
      "trigger": "minecraft:impossible"
    }
  },
  "rewards": {
    "experience": 18
  },
  "parent": "nirslands_minecraft_dlc_mod:builder"
}