{
  "display": {
    "icon": {
      "item": "nirslands_minecraft_dlc_mod:enderite_chestplate"
    },
    "title": {
      "translate": "advancements.just_one_step_to_the_infinite_power.title"
    },
    "description": {
      "translate": "advancements.just_one_step_to_the_infinite_power.descr"
    },
    "frame": "challenge",
    "show_toast": true,
    "announce_to_chat": true,
    "hidden": false
  },
  "criteria": {
    "just_one_step_to_the_infinite_power": {
      "trigger": "minecraft:impossible"
    }
  },
  "rewards": {
    "experience": 14
  },
  "parent": "minecraft:end/root"
}