{
  "display": {
    "icon": {
      "item": "minecraft:creeper_head"
    },
    "title": {
      "translate": "advancements.killing_machine.title"
    },
    "description": {
      "translate": "advancements.killing_machine.descr"
    },
    "frame": "challenge",
    "show_toast": true,
    "announce_to_chat": true,
    "hidden": false
  },
  "criteria": {
    "killing_machine": {
      "trigger": "minecraft:impossible"
    }
  },
  "rewards": {
    "experience": 15
  },
  "parent": "nirslands_minecraft_dlc_mod:mobs_killer"
}