{
  "display": {
    "icon": {
      "item": "nirslands_minecraft_dlc_mod:enderite_hoe"
    },
    "title": {
      "translate": "advancements.masterpiece.title"
    },
    "description": {
      "translate": "advancements.masterpiece.descr"
    },
    "frame": "challenge",
    "show_toast": true,
    "announce_to_chat": true,
    "hidden": false
  },
  "criteria": {
    "masterpiece": {
      "trigger": "minecraft:inventory_changed",
      "conditions": {
        "items": [
          {
            "items": [
              "nirslands_minecraft_dlc_mod:enderite_hoe"
            ],
            "count": {
              "min": 1,
              "max": 1
            }
          }
        ]
      }
    }
  },
  "rewards": {
    "experience": 14
  },
  "parent": "minecraft:end/root"
}