{
  "display": {
    "icon": {
      "item": "minecraft:zombie_head"
    },
    "title": {
      "translate": "advancements.mobs_killer.title"
    },
    "description": {
      "translate": "advancements.mobs_killer.descr"
    },
    "frame": "task",
    "show_toast": true,
    "announce_to_chat": true,
    "hidden": false
  },
  "criteria": {
    "mobs_killer": {
      "trigger": "minecraft:impossible"
    }
  },
  "rewards": {
    "experience": 10
  },
  "parent": "nirslands_minecraft_dlc_mod:additiones"
}