{
  "display": {
    "icon": {
      "item": "nirslands_minecraft_dlc_mod:earth_wand"
    },
    "title": {
      "translate": "advancements.need_some_magic.title"
    },
    "description": {
      "translate": "advancements.need_some_magic.descr"
    },
    "frame": "task",
    "show_toast": true,
    "announce_to_chat": true,
    "hidden": false
  },
  "criteria": {
    "need_some_magic": {
      "trigger": "minecraft:impossible"
    }
  },
  "rewards": {
    "experience": 2
  },
  "parent": "nirslands_minecraft_dlc_mod:to_the_stars"
}