{
  "display": {
    "icon": {
      "item": "nirslands_minecraft_dlc_mod:poisoned_nether"
    },
    "title": {
      "translate": "advancements.once_upon_a_time.title"
    },
    "description": {
      "translate": "advancements.once_upon_a_time.descr"
    },
    "frame": "task",
    "show_toast": true,
    "announce_to_chat": true,
    "hidden": false
  },
  "criteria": {
    "once_upon_a_time": {
      "trigger": "minecraft:changed_dimension",
      "conditions": {
        "to": "nirslands_minecraft_dlc_mod:poisoned_nether"
      }
    }
  },
  "rewards": {
    "experience": 2
  },
  "parent": "nirslands_minecraft_dlc_mod:poisoned_nether_advancment"
}