{
  "display": {
    "background": "nirslands_minecraft_dlc_mod:textures/screens/poisonednetherrack.png",
    "icon": {
      "item": "nirslands_minecraft_dlc_mod:poisoned_netherack"
    },
    "title": {
      "translate": "advancements.poisoned_nether_advancment.title"
    },
    "description": {
      "translate": "advancements.poisoned_nether_advancment.descr"
    },
    "frame": "task",
    "show_toast": false,
    "announce_to_chat": false,
    "hidden": false
  },
  "criteria": {
    "poisoned_nether_advancment": {
      "trigger": "minecraft:changed_dimension",
      "conditions": {
        "to": "nirslands_minecraft_dlc_mod:poisoned_nether"
      }
    }
  }
}