{
  "display": {
    "icon": {
      "item": "nirslands_minecraft_dlc_mod:ancient_star"
    },
    "title": {
      "translate": "advancements.to_the_stars.title"
    },
    "description": {
      "translate": "advancements.to_the_stars.descr"
    },
    "frame": "task",
    "show_toast": true,
    "announce_to_chat": true,
    "hidden": false
  },
  "criteria": {
    "to_the_stars": {
      "trigger": "minecraft:inventory_changed",
      "conditions": {
        "items": [
          {
            "items": [
              "nirslands_minecraft_dlc_mod:ancient_star"
            ],
            "count": {
              "min": 1,
              "max": 64
            }
          }
        ]
      }
    }
  },
  "parent": "nirslands_minecraft_dlc_mod:additiones"
}