{
  "type": "minecraft:crafting_shaped",
  "pattern": [
    " 1 ",
    "345",
    " 7 "
  ],
  "key": {
    "1": {
      "item": "nirslands_minecraft_dlc_mod:star_shard"
    },
    "3": {
      "item": "nirslands_minecraft_dlc_mod:star_shard"
    },
    "4": {
      "item": "nirslands_minecraft_dlc_mod:star_shard"
    },
    "5": {
      "item": "nirslands_minecraft_dlc_mod:star_shard"
    },
    "7": {
      "item": "nirslands_minecraft_dlc_mod:star_shard"
    }
  },
  "result": {
    "item": "nirslands_minecraft_dlc_mod:ancient_star",
    "count": 1
  }
}