{
  "type": "minecraft:crafting_shaped",
  "pattern": [
    "012",
    "345",
    "678"
  ],
  "key": {
    "0": {
      "item": "minecraft:bricks"
    },
    "1": {
      "item": "minecraft:bricks"
    },
    "2": {
      "item": "minecraft:bricks"
    },
    "3": {
      "item": "minecraft:bricks"
    },
    "4": {
      "item": "nirslands_minecraft_dlc_mod:enderite_ingot"
    },
    "5": {
      "item": "minecraft:bricks"
    },
    "6": {
      "item": "minecraft:bricks"
    },
    "7": {
      "item": "minecraft:bricks"
    },
    "8": {
      "item": "minecraft:bricks"
    }
  },
  "result": {
    "item": "nirslands_minecraft_dlc_mod:enderite_bricks",
    "count": 8
  }
}